Column,Value
VillageName,A KUNG NGAM
VillageName,NORTH POINT TERRACE
VillageName,MOK KA
VillageName,NIM SHUE WAN VILLAGE
VillageName,CHEUNG SHA HA TSUEN
VillageName,BELA VISTA VILLA
VillageName,SHAN TING TSUEN
VillageName,SHA LO WAN TSUEN 1ST LANE
VillageName,WONG NAI UK
VillageName,WANG TONG
VillageName,NAM BIN WAI
VillageName,KO SHAN TSUEN
VillageName,YUEN LING TSAI
VillageName,LUK TEI TONG
VillageName,CHUNG HAU
VillageName,NAM WAN SAN TSUEN
VillageName,WING KWONG STREET
VillageName,PUI O LO WAI TSUEN PUI O AU
VillageName,MA WAN CHUNG
VillageName,SIENA ONE DRIVE
VillageName,LUK CHAU VILLAGE
VillageName,TAI LUNG TSUEN
VillageName,SHA LO WAN TSUEN 4TH LANE
VillageName,TAI TEI TONG
VillageName,TUNG WAN TAU
VillageName,CHUNG TSAI TSUEN
VillageName,SHA LO WAN TSUEN 5TH LANE
VillageName,SHAM WAT
VillageName,NGAU AU
VillageName,SHEK MUN KAP
VillageName,WING ON TERRACE
VillageName,NAM CHUNG TSUEN
VillageName,LEUNG UK TSUEN
VillageName,TSENG TAU SAN TSUEN
VillageName,LUNG TSAI TSUEN
VillageName,SHA LO WAN TSUEN 2ND LANE
VillageName,SHAM SHEK TSUEN
VillageName,SHEUNG LING PEI
VillageName,NIM PO TSUEN
VillageName,KAU YUK ROAD
VillageName,MIDDLE HILL ROAD
VillageName,PO WAH YUEN
VillageName,TSOI YUEN TSUEN
VillageName,MO TAT WAN
VillageName,MUI WO KAU TSUEN
VillageName,SIENA TWO
VillageName,LAI CHI YUEN TSUEN
VillageName,PUI O LO WAI TSUEN
VillageName,TAI WO
VillageName,SAN TAU
VillageName,CHUNG MEI
VillageName,TUNG HANG MEI TSUEN
VillageName,SUN LUNG WAI
VillageName,HA LING PEI
VillageName,KO LONG
VillageName,TAI WAN SAN TSUEN
VillageName,TAI SHAN EAST
VillageName,MA PO TSUEN
VillageName,WAN TSAI
VillageName,TONG FUK
VillageName,YUNG SHUE LONG NEW VILLAGE
VillageName,TAI HO SAN TSUEN
VillageName,SHA LO WAN CHUNG HAU
VillageName,LO UK TSUEN
VillageName,WO TIN
VillageName,SHA LO WAN SAN TSUEN
VillageName,LAI CHI YUEN
VillageName,PAK NGAN HEUNG
VillageName,NAM SHE TONG
VillageName,TAI LING TSUEN
VillageName,SAI WAN CARE VILLAGE
VillageName,SHA LO WAN TSUEN 3RD LANE
VillageName,TUNG KOON SAN TSUEN
VillageName,WAI TSAI TSUEN
VillageName,TAI WO TSUEN
VillageName,TAI KWAI WAN SAN TSUEN
VillageName,WAI TSAI TSENG SAN TSUEN
VillageName,HUNG SHING YE
VillageName,TA SHUI WAN
VillageName,SHEK TSAI PO STREET SECTION A
VillageName,TAI SHAN WEST
VillageName,TAI PENG
VillageName,SIU KWAI WAN
VillageName,HAM TIN SAN TSUEN
VillageName,PAK KOK KAU TSUEN
VillageName,SHUI HAU
VillageName,O TSAI
VillageName,YUNG SHUE HA
VillageName,PUI O SAN WAI TSUEN
VillageName,FAN KWAI TONG
VillageName,NGAU KWU LONG
VillageName,SHAN HA
VillageName,SAN SHEK WAN
VillageName,SHAP LONG CHUNG HAU
VillageName,MO TAT OLD VILLAGE
VillageName,TAI YUEN VILLAGE
VillageName,SHEK LAU PO
VillageName,PAK SHE SAN TSUEN
VillageName,SAN TSUEN
VillageName,TAI LONG WAN TSUEN
VillageName,SHA TSUI TAU
VillageName,SHA PO NEW VILLAGE
VillageName,WANG LONG
VillageName,TAI SHAN CENTRAL
VillageName,CHEUNG SHA SHEUNG TSUEN
VillageName,HAM TIN KAU TSUEN
VillageName,YUNG SHUE LONG OLD VILLAGE
VillageName,LONG TSAI TSUEN
VillageName,TAI YUEN NEW VILLAGE
VillageName,YUNG SHUE LING
VillageName,PAK KOK SAN TSUEN
VillageName,LO SO SHING
VillageName,NGA KAU WAN
VillageName,HANG MEI
VillageName,LUK WU
VillageName,ROUND TABLE 1ST VILLAGE
VillageName,SHAP LONG KAU TSUEN
VillageName,LUNG TSENG TAU
VillageName,SHA PO OLD VILLAGE
VillageName,MA WAN NEW VILLAGE
VillageName,WANG HANG VILLAGE
VillageName,LO TIK WAN
VillageName,TAI LONG
VillageName,MO TAT NEW VILLAGE
VillageName,CHEUNG SHA
VillageName,SHAP LONG SAN TSUEN
VillageName,WONG KA WAI
VillageName,YUE KWONG TSUEN
VillageName,HO KING TOI
VillageName,LUNG MEI TSUEN
VillageName,FUI YIU HA
VillageName,PAK MONG
VillageName,SELF HELP CARE VILLAGE
VillageName,SHAU SHAN TERRACE
VillageName,UPPER KEUNG SHAN
VillageName,TAI WAN TO
VillageName,TAI WAN KAU TSUEN
VillageName,CHEUNG SHA LAN
VillageName,CHUNG HING PRAYA STREET
VillageName,KAU LIU
VillageName,PAK LEE VILLAGE
VillageName,SHEK LI KA NAM
VillageName,WAI TSAI SHAN TING  SAN TSUEN
VillageName,TIN SAM
VillageName,WAI TSAI SHAN TING TSUEN
VillageName,NAM WAN SHAN TING SAN TSUEN
VillageName,NAM WAN
VillageName,NGONG PING TSUEN
VillageName,NAM WAN TAI YAT SAN TSUEN
VillageName,FU KONG SHAN
VillageName,THE PEAK CHEUNG CHAU
VillageName,CHEUNG PO CHAI ROAD
VillageName,TUNG O
VillageName,MONG TUNG WAN
VillageName,KAM SHAN TERRACE
VillageName,TAI KWAI WAN
VillageName,HA TSUEN
VillageName,FAN LAU TSUEN
VillageName,LING TSUI TAU
VillageName,TAI O SHA CHAI MIN
VillageName,PENNY'S BAY COMMUNITY ISOLATION FAC
VillageName,TAI O SAN SHA
VillageName,MAN KOK TSUI VILLAGE
VillageName,TAI WAN NAM
VillageName,TAI SHEK HAU PUN SHAN
VillageName,TONG FUK TSUEN
VillageName,LO WAI TSUEN
VillageName,TAI O
VillageName,WANG LONG VILLAGE
VillageName,SHUN YEE TSUEN
VillageName,YING SIN LEUNG CARE VILLAGE
VillageName,KAU TSUEN
VillageName,SAN HING PRAYA ROAD
VillageName,SHAM WAT TSUEN
VillageName,ROUND TABLE THIRD VILLAGE
VillageName,ROUND TABLE FIRST VILLAGE
VillageName,MAN HING TERRACE
VillageName,CHUNG HING PUN SHAN ROAD
VillageName,MA WAN CHUNG VILLAGE
VillageName,NAM CHUNG SAN TSUEN
VillageName,MUI WO
VillageName,ROUND TABLE VILLAGE
VillageName,TEI PO NEW VILLAGE
VillageName,TAI PENG VILLAGE
VillageName,NIM SHUE WAN TSUEN
VillageName,NGAU AU TSUEN
VillageName,1ST LANE SHA LO WAN TSUEN
VillageName,2ND LANE SHA LO WAN TSUEN
VillageName,3RD LANE SHA LO WAN TSUEN
VillageName,4TH LANE SHA LO WAN TSUEN
VillageName,LUK CHAU
VillageName,TAI LONG TSUEN
VillageName,TIN LIU
VillageName,DISCOVERY BAY
VillageName,HA KENG
VillageName,HAM TIN
VillageName,HO KING TERRACE
VillageName,LUK WU TSUEN
VillageName,WANG TONG TSUEN
VillageName,HO KING STREET
VillageName,CHEK LAP KOK NEW VILLAGE
VillageName,HA KEUNG SHAN TSUEN
VillageName,5TH LANE SHA LO WAN TSUEN
VillageName,CHUNG HAU TSUEN
VillageName,KO LONG VILLAGE
VillageName,LAM CHE
VillageName,SAN TAU TSUEN
VillageName,TAI PING STREET
VillageName,WAI TSAI SHAN TING SAN TSUEN
VillageName,CHUNG TSAI
VillageName,MA WAN CHUNG TSUEN
VillageName,PUI O AU
VillageName,WING ON BACK STREET
VillageName,LO SO SHING VILLAGE
VillageName,NAM WAN SHAN TING TSUEN
VillageName,TEI TONG TSAI
VillageName,TAI SHEK HAU
VillageName,NGAU UM PAI
VillageName,WONG NAI UK TSUEN
VillageName,TUNG TAI NAM ROAD
VillageName,SIXTH STREET
VillageName,TING KWAI FONG
VillageName,SECOND LANE SHA LO WAN TSUEN
VillageName,SUN FUNG TSUEN
VillageName,SIN YAN TSENG
VillageName,YUNG SHUE WAN
VillageName,KAU WA KENG
VillageName,SAN UK RESITE VILLAGE
VillageName,TAI WONG HA RESITE VILLAGE
VillageName,KAU WA KENG SAN TSUEN
VillageName,LAM TIN RESITE VILLAGE
VillageName,TSING YI LUTHERAN NEW VILLAGE
VillageName,CHUNG MEI LO UK VILLAGE
VillageName,YIM TIN KOK RESITE VILLAGE
VillageName,HA KWAI CHUNG VILLAGE
VillageName,CHUNG SHAN TERRACE
VillageName,ST. PAUL'S VILLAGE
VillageName,CHEUNG HANG VILLAGE
VillageName,TSING YI FISHERMEN VILLAGE
VillageName,KAU WA KENG PUMPING STATION UPPER VILLAGE
VillageName,MOON TSAI TONG
VillageName,CHEUNG HANG TSUEN
VillageName,TSING YU NEW VILLAGE
VillageName,TSING YI HUI
VillageName,ST PAUL'S VILLAGE
VillageName,CHUNG KWAI CHUNG TSUEN
VillageName,TSING FAI SAN TSUEN
VillageName,CHUNG MEI LO UK RESITED VILLAGE
VillageName,KWAN MUN HAU TSUEN
VillageName,SAM KA TSUEN
VillageName,CHA KWO LING TSUEN
VillageName,MA SAN TSUEN
VillageName,ZERO CARBON BUILDING
VillageName,CHUEN YUEN ROAD WEST
VillageName,MA WAN TSUEN
VillageName,MA PUI TSUEN
VillageName,CHUEN YUEN ROAD EAST
VillageName,LEI YUE MUN HOI PONG ROAD CENTRAL
VillageName,ON LI SAI TSUEN
VillageName,LEI YUE MUN HOI PONG ROAD EAST
VillageName,CHA KWO LING
VillageName,HOI PONG ROAD
VillageName,HOI PONG ROAD CENTRAL
VillageName,PO SHEUNG TSUEN LANE NO.5
VillageName,LING SHAN TSUEN
VillageName,FAN LENG LAU
VillageName,FANLING WAI
VillageName,TSZ TONG TSUEN
VillageName,HA SHAN KAI WAT
VillageName,TAI YUEN TSUEN LANE NO.7
VillageName,KAM TSIN 4TH LANE
VillageName,KAM TSIN 9TH LANE
VillageName,SZE TAU LENG
VillageName,TONG HANG
VillageName,KONG HA
VillageName,TSOI YUEN KOK
VillageName,HA TAM SHUI HANG
VillageName,MAN UK PIN
VillageName,HANG TAU
VillageName,WAI LOI TSUEN LANE 9
VillageName,NGA YIU TAU
VillageName,MA LIU SHUI SAN TSUEN
VillageName,HEUNG YUEN WAI
VillageName,LO WU
VillageName,SAN UK LING 2ND LANE
VillageName,SAN WAI
VillageName,SHA LING
VillageName,MA MEI HA LENG TSUI
VillageName,KAT O FISHERMAN VILLAGE
VillageName,SHUNG HIM TONG
VillageName,WAI LOI TSUEN LANE 1
VillageName,KAM TSIN 2ND LANE
VillageName,MUN HAU TSUEN LANE NO.10
VillageName,KO PO
VillageName,CHOW TIN TSUEN
VillageName,LAI CHI WO
VillageName,TAI PO TIN
VillageName,KWAN TEI
VillageName,HA WO HANG
VillageName,LIN MA HANG
VillageName,MUK MIN TAU
VillageName,KWAN TEI NORTH
VillageName,FU TEI PAI
VillageName,SING PING VILLAGE
VillageName,PING CHE
VillageName,SAN UK LING 3RD LANE
VillageName,SAN UK LING 4TH LANE
VillageName,PO SHEUNG TSUEN LANE NO.8
VillageName,TAI YUEN TSUEN LANE NO.1
VillageName,WU TIP SHAN VILLAGE
VillageName,WA MEI SHAN
VillageName,WAI LOI TSUEN LANE 10
VillageName,PO SHEUNG TSUEN LANE NO.10
VillageName,MUN HAU TSUEN LANE NO.12
VillageName,MUN HAU TSUEN LANE NO.4
VillageName,MA TSO LUNG SAN TSUEN
VillageName,PO SHEUNG TSUEN LANE NO.9
VillageName,WAI LOI TSUEN LANE 12
VillageName,WU KAU TANG SECTION III
VillageName,PING YEUNG
VillageName,KAN TAU WAI
VillageName,SHEUNG WO HANG
VillageName,KAN TAU TSUEN
VillageName,NG UK TSUEN
VillageName,HING YAN TSUEN LANE NO.1
VillageName,SHAN TSUI
VillageName,KAM TSIN 3RD LANE
VillageName,KAM TSIN 7TH LANE
VillageName,SAN UK TSAI
VillageName,SIU HANG SAN TSUEN
VillageName,TONG TO
VillageName,MA TSEUK LENG
VillageName,TSUNG YUEN HA
VillageName,TAI TONG WU
VillageName,WO HING TSUEN
VillageName,TAK YUET LAU
VillageName,LIU POK 1ST LANE
VillageName,MUN HAU TSUEN LANE NO.5
VillageName,LENG PEI TSUEN
VillageName,MA WAT TSUEN
VillageName,SHEK KIU TAU
VillageName,WAI LOI TSUEN LANE 11
VillageName,PAK TIN NEW VILLAGE
VillageName,PO SHEUNG TSUEN LANE NO.20
VillageName,TSIU KENG PANG UK
VillageName,MUN HAU TSUEN LANE NO.1
VillageName,TAI YUEN TSUEN LANE NO.4
VillageName,TAN CHUK HANG LO WAI
VillageName,SAN UK TSUEN
VillageName,PO SHEUNG TSUEN LANE NO.7
VillageName,AU HA
VillageName,TAN CHUK HANG
VillageName,MUK WU CHUEN YIU
VillageName,TONG TO PING TSUEN
VillageName,HUNG KIU SAN TSUEN
VillageName,TA KWU LING VILLAGE
VillageName,KAM TSIN 11TH LANE
VillageName,PO SHEUNG TSUEN LANE NO.12
VillageName,KAN LUNG TSUEN
VillageName,LENG TSAI
VillageName,KAI FONG GARDEN
VillageName,MUN HAU TSUEN LANE NO.7
VillageName,MA SHI PO
VillageName,TAI YUEN TSUEN LANE NO.5
VillageName,PO SHEUNG TSUEN LANE NO.14
VillageName,KAM TSIN
VillageName,TONG FONG
VillageName,WAI LOI TSUEN LANE 8
VillageName,TAI YUEN TSUEN LANE NO.8
VillageName,TAI YUEN TSUEN LANE NO.2
VillageName,YING PUN
VillageName,SHEUNG PAK TSUEN LANE NO.1
VillageName,KAM TSIN 10TH LANE
VillageName,KAM TSIN 8TH LANE
VillageName,KAM TSIN 5TH LANE
VillageName,WAI LOI TSUEN LANE 6
VillageName,FUNG WONG WU
VillageName,SO KWUN PO
VillageName,SIU HANG TSUEN
VillageName,PO SHEUNG TSUEN LANE NO.2
VillageName,LIU POK 5TH LANE
VillageName,LIU POK 3RD LANE
VillageName,CHUNG SUM TSUEN LANE NO.1
VillageName,PO SHEUNG TSUEN LANE NO.6
VillageName,PO SHEUNG TSUEN LANE NO.11
VillageName,MUN HAU TSUEN LANE NO.6
VillageName,KUK PO LO WAI
VillageName,LAP WO TSUEN
VillageName,WU SHEK KOK
VillageName,WO HOP SHEK VILLAGE
VillageName,TSIU HANG
VillageName,LUK KENG WONG UK
VillageName,WING NING WAI
VillageName,MA MEI HA
VillageName,TAI YUEN TSUEN LANE NO. 9
VillageName,CHUNG SUM TSUEN LANE NO.4
VillageName,SAN TONG PO
VillageName,MUN HAU TSUEN LANE NO.9
VillageName,CHUNG SUM TSUEN LANE NO.6
VillageName,CHEUNG LEK
VillageName,MUN HAU TSUEN LANE NO.2
VillageName,AP CHAU
VillageName,HOK TAU WAI
VillageName,LOI TUNG THIRD LANE
VillageName,TONG KUNG LENG
VillageName,SHEUNG SHUI WA SHAN NORTH SECTION
VillageName,SHEUNG SHAN KAI WAT
VillageName,PO SHEUNG TSUEN LANE NO.31
VillageName,MA WAT WAI
VillageName,WU KAU TANG SECTION I
VillageName,YIN KONG FIRST LANE
VillageName,SHEUNG SHUI WA SHAN MIDDLE SECTION
VillageName,SHEUNG SHUI WA SHAN SOUTH SECTION
VillageName,PO SHEUNG TSUEN LANE NO.19
VillageName,PO SHEUNG TSUEN LANE NO.25
VillageName,FUNG HANG
VillageName,CHUNG SUM TSUEN LANE NO.3
VillageName,PO SHEUNG TSUEN LANE NO.21
VillageName,ASCOT PARK
VillageName,YI TO
VillageName,PO SHEUNG TSUEN LANE NO.15
VillageName,MUN HAU TSUEN LANE NO.11
VillageName,SAN UK LING 1ST LANE
VillageName,PING KONG
VillageName,LUK KENG CHAN UK
VillageName,WO HANG TAI LONG
VillageName,MUK WU
VillageName,LOI TUNG SECOND LANE
VillageName,PEI TAU LING KOK
VillageName,WAI LOI TSUEN LANE 5
VillageName,TAI YUEN TSUEN LANE NO.6
VillageName,KAI KUK SHUE HA
VillageName,PO SHEUNG TSUEN LANE NO.29
VillageName,SHEUNG PAK TSUEN LANE NO.2
VillageName,WAI LOI TSUEN LANE 2
VillageName,SHEUNG PAK TSUEN LANE NO. 4
VillageName,SHEUNG PAK TSUEN LANE NO.3
VillageName,WAI LOI TSUEN LANE 3
VillageName,WO KENG SHAN
VillageName,YIN KONG SECOND LANE
VillageName,NAM CHUNG YEUNG UK
VillageName,HA PAK TSUEN LANE NO.1
VillageName,NAM CHUNG CHENG UK
VillageName,MA TSEUK LENG SAN UK HA
VillageName,PO SHEUNG TSUEN LANE NO.1
VillageName,WING NING TSUEN
VillageName,HA PAK TSUEN LANE NO.3
VillageName,NAM CHUNG LEI UK
VillageName,LIU POK 10TH LANE
VillageName,NGAM PIN
VillageName,TUNG KOK WAI
VillageName,LEI UK
VillageName,LO WAI
VillageName,SHEUNG SHUI WA SHAN
VillageName,POK TAU HA
VillageName,MUK WU NGA YIU
VillageName,WAI LOI TSUEN LANE 4
VillageName,LIU POK 2ND LANE
VillageName,HA HEUNG YUEN
VillageName,WAI LOI TSUEN LANE 7
VillageName,LIU POK 4TH LANE
VillageName,YIN KONG
VillageName,KO PO NORTH
VillageName,HING YAN TSUEN LANE NO.4
VillageName,TAI TAU LENG 4TH LANE
VillageName,TAI TAU LENG 6TH LANE
VillageName,MUN HAU TSUEN LANE NO.3
VillageName,KAM TSIN 1ST LANE
VillageName,TAI YUEN TSUEN LANE NO.3
VillageName,LIN TONG MEI
VillageName,YIN KONG FOURTH LANE
VillageName,NAM CHUNG LO UK
VillageName,TSIU KENG SAN WAI
VillageName,WU NGA LOK YEUNG
VillageName,KAI LENG
VillageName,TAI WAN
VillageName,CHAN UK PO
VillageName,KAM TSIN 6TH LANE
VillageName,KAU TAM TSO
VillageName,NG TO
VillageName,TAI TAU LENG 3RD LANE
VillageName,TUNG SHAN HA
VillageName,HUNG LENG
VillageName,NGA YIU HA
VillageName,CHUNG SUM TSUEN LANE NO.7
VillageName,TSIU KENG LO WAI
VillageName,SHEK CHUNG AU
VillageName,TAI TAU LENG 2ND LANE
VillageName,ST. ANDREWS PLACE
VillageName,TAI TAU LENG
VillageName,YIM TSO HA
VillageName,LOI TUNG
VillageName,KUK PO SAN UK HA
VillageName,MA TSO LUNG SHUN YEE SAN TSUEN BLOC
VillageName,CHUK YUEN VILLAGE
VillageName,WANG SHAN KEUK SAN TSUEN
VillageName,KI LUN TSUEN
VillageName,TSUNG PAK LONG
VillageName,MAPLE DRIVE
VillageName,HO SHEUNG HEUNG
VillageName,LIU POK 9TH LANE
VillageName,TSUNG YUEN
VillageName,MAN KOK VILLAGE
VillageName,CHUNG SUM TSUEN LANE NO.8
VillageName,WU KAU TANG SECTION II
VillageName,ON PO
VillageName,SHEK TSAI LENG
VillageName,NAM HANG MEI
VillageName,NAM CHUNG CHEUNG UK
VillageName,PO SHEUNG TSUEN LANE NO.17
VillageName,SHEUNG TAM SHUI HANG
VillageName,HA PAK TSUEN LANE NO.4
VillageName,TAI LUNG
VillageName,SAN UK LING 6TH LANE
VillageName,SHEUNG PAK TSUEN
VillageName,SAN UK LING
VillageName,KOP TONG
VillageName,PO KAT TSAI
VillageName,ON LOK TSUEN
VillageName,HANG TAU ROAD
VillageName,YIN LIU
VillageName,10TH STREET LING SHAN TSUEN
VillageName,PING YEUNG NEW VILLAGE
VillageName,SHAN TSUI TSUEN
VillageName,KWAN TEI NORTH TSUEN
VillageName,WO HOP SHEK SAN TSUEN
VillageName,NG CHOW ROAD
VillageName,HANG TAU TSUEN
VillageName,TUNG HING ROAD
VillageName,26TH LANE PO SHEUNG TSUEN
VillageName,28TH LANE PO SHEUNG TSUEN
VillageName,SHEK WU SAN TSUEN
VillageName,29TH LANE PO SHEUNG TSUEN
VillageName,1ST LANE SHEUNG PAK TSUEN
VillageName,MIDDLE SECTION SHEUNG SHUI WA SHAN
VillageName,KAU LUNG HANG TSUEN
VillageName,30TH LANE PO SHEUNG TSUEN
VillageName,LIU POK 12TH LANE
VillageName,LIU POK
VillageName,3RD LANE HA PAK TSUEN
VillageName,7TH LANE CHUNG SUM TSUEN
VillageName,FAN LENG WAI
VillageName,NEW 1ST LANE PO SHEUNG TSUEN
VillageName,TUNG FONG
VillageName,TIN PING SHAN TSUEN
VillageName,KWAN TEI WEST TSUEN
VillageName,PING CHE NEW VILLAGE
VillageName,1ST LANE WAI LOI TSUEN
VillageName,HA TAM SHUI HANG TSUEN
VillageName,9TH LANE PO SHEUNG TSUEN
VillageName,2ND LANE PO SHEUNG TSUEN
VillageName,8TH LANE TAI YUEN TSUEN
VillageName,9TH LANE TAI YUEN TSUEN
VillageName,3RD LANE HING YAN TSUEN
VillageName,2ND LANE HA PAK TSUEN
VillageName,6TH LANE MUN HAU TSUEN
VillageName,3RD LANE TAI TAU LENG
VillageName,9TH LANE LIU POK
VillageName,7TH LANE LIU POK
VillageName,5TH LANE LIU POK
VillageName,SECTION 1 WU KAU TANG
VillageName,LUK KENG
VillageName,SECTION 2 WU KAU TANG
VillageName,3RD LANE SHEUNG PAK TSUEN
VillageName,6TH LANE TAI YUEN TSUEN
VillageName,1ST LANE MUN HAU TSUEN
VillageName,8TH LANE TAI TAU LENG
VillageName,2ND LANE KAM TSIN
VillageName,6TH LANE KAM TSIN
VillageName,4TH LANE HING YAN TSUEN
VillageName,5TH LANE KAM TSIN
VillageName,4TH LANE WAI LOI TSUEN
VillageName,2ND LANE TAI YUEN TSUEN
VillageName,3RD LANE WAI LOI TSUEN
VillageName,1ST LANE LIU POK
VillageName,4TH LANE SAN UK LING
VillageName,4TH LANE TAI YUEN TSUEN
VillageName,5TH LANE WAI LOI TSUEN
VillageName,5TH LANE MUN HAU TSUEN
VillageName,11TH LANE PO SHEUNG TSUEN
VillageName,21ST LANE PO SHEUNG TSUEN
VillageName,16TH LANE PO SHEUNG TSUEN
VillageName,18TH LANE PO SHEUNG TSUEN
VillageName,5TH LANE TAI YUEN TSUEN
VillageName,3RD LANE KAM TSIN
VillageName,1ST LANE KAM TSIN
VillageName,2ND LANE TAI TAU LENG
VillageName,2ND LANE YIN KONG
VillageName,SECTION 3 WU KAU TANG
VillageName,3RD LANE PO SHEUNG TSUEN
VillageName,5TH LANE TAI TAU LENG
VillageName,2ND LANE WAI LOI TSUEN
VillageName,9TH LANE KAM TSIN
VillageName,4TH LANE KAM TSIN
VillageName,5TH LANE SAN UK LING
VillageName,4TH LANE TAI TAU LENG
VillageName,3RD LANE MUN HAU TSUEN
VillageName,10TH LANE PO SHEUNG TSUEN
VillageName,7TH LANE WAI LOI TSUEN
VillageName,1ST LANE CHUNG SUM TSUEN
VillageName,2ND LANE MUN HAU TSUEN
VillageName,8TH LANE KAM TSIN
VillageName,4TH LANE PO SHEUNG TSUEN
VillageName,7TH LANE PO SHEUNG TSUEN
VillageName,2ND LANE LIU POK
VillageName,15TH LANE PO SHEUNG TSUEN
VillageName,2ND LANE CHUNG SUM TSUEN
VillageName,4TH LANE HA PAK TSUEN
VillageName,8TH LANE MUN HAU TSUEN
VillageName,TSOI YUEN KOK TSUEN
VillageName,8TH LANE PO SHEUNG TSUEN
VillageName,3RD LANE SAN UK LING
VillageName,4TH LANE CHUNG SUM TSUEN
VillageName,13TH LANE KAM TSIN
VillageName,2ND LANE SHEUNG PAK TSUEN
VillageName,10TH LANE WAI LOI TSUEN
VillageName,5TH LANE HA PAK TSUEN
VillageName,5TH LANE PO SHEUNG TSUEN
VillageName,1ST LANE HING YAN TSUEN
VillageName,11TH LANE KAM TSIN
VillageName,SOUTH SECTION SHEUNG SHUI WA SHAN
VillageName,12TH LANE WAI LOI TSUEN
VillageName,7TH LANE MUN HAU TSUEN
VillageName,12TH LANE MUN HAU TSUEN
VillageName,11TH LANE WAI LOI TSUEN
VillageName,7TH LANE KAM TSIN
VillageName,10TH LANE MUN HAU TSUEN
VillageName,8TH LANE LIU POK
VillageName,LAU SHUI HEUNG
VillageName,11TH LANE MUN HAU TSUEN
VillageName,9TH LANE MUN HAU TSUEN
VillageName,HA PAK TSUEN
VillageName,5TH LANE YIN KONG
VillageName,KAU LUNG HANG
VillageName,12TH LANE PO SHEUNG TSUEN
VillageName,3RD LANE LIU POK
VillageName,10TH LANE LIU POK
VillageName,TAI HANG TSZ TONG TSUEN
VillageName,8TH LANE CHUNG SUM TSUEN
VillageName,6TH LANE LIU POK
VillageName,6TH LANE TAI TAU LENG
VillageName,HAM HANG MEI
VillageName,22ND LANE PO SHEUNG TSUEN
VillageName,MA SIK ROAD
VillageName,4TH LANE LIU POK
VillageName,TONG KOK
VillageName,1ST LANE HA PAK TSUEN
VillageName,8TH LANE WAI LOI TSUEN
VillageName,KO PO TSUEN
VillageName,1ST LANE YIN KONG
VillageName,TIN KWONG PO TSUEN
VillageName,KWONG FUK STREET
VillageName,HUNG LENG NORTH TSUEN
VillageName,CHUK YUEN
VillageName,6TH LANE PO SHEUNG TSUEN
VillageName,17TH LANE PO SHEUNG TSUEN
VillageName,1ST LANE TAI TAU LENG
VillageName,6TH LANE WAI LOI TSUEN
VillageName,12TH LANE KAM TSIN
VillageName,6TH LANE SAN UK LING
VillageName,1ST LANE SAN UK LING
VillageName,3RD LANE YIN KONG
VillageName,27TH LANE PO SHEUNG TSUEN
VillageName,7TH LANE TAI TAU LENG
VillageName,4TH LANE MUN HAU TSUEN
VillageName,7TH LANE TAI YUEN TSUEN
VillageName,4TH LANE YIN KONG
VillageName,TIN PING SHAN TSUEN SOUTH
VillageName,19TH LANE PO SHEUNG TSUEN
VillageName,24TH LANE PO SHEUNG TSUEN
VillageName,WO HOP SHEK TSUEN
VillageName,25TH LANE PO SHEUNG TSUEN
VillageName,31ST LANE PO SHEUNG TSUEN
VillageName,KWAN TEI EAST TSUEN
VillageName,1ST LANE TAI YUEN TSUEN
VillageName,5TH LANE CHUNG SUM TSUEN
VillageName,1ST LANE PO SHEUNG TSUEN
VillageName,4TH LANE SHEUNG PAK TSUEN
VillageName,10TH LANE KAM TSIN
VillageName,9TH LANE WAI LOI TSUEN
VillageName,YUEN LENG
VillageName,LIN MA HANG ROAD
VillageName,TAI PO TIN TSUEN
VillageName,11TH LANE LIU POK
VillageName,TIN KWONG PO
VillageName,SHEK WU SAN TSUEN EAST
VillageName,YUEN LENG TSUEN
VillageName,6TH LANE CHUNG SUM TSUEN
VillageName,HOK TAU VILLAGE
VillageName,TONG HANG TSUEN
VillageName,5TH LANE HING YAN TSUEN
VillageName,3RD LANE CHUNG SUM TSUEN
VillageName,KWAN TEI TSUEN
VillageName,3RD LANE TAI YUEN TSUEN
VillageName,2ND LANE HING YAN TSUEN
VillageName,2ND LANE SAN UK LING
VillageName,12TH LANE LIU POK
VillageName,KWAN TEI SAN TSUEN
VillageName,TIN PING SHAN TSUEN NORTH
VillageName,LUNG YEUK TAU
VillageName,TONG HANG TSUEN EAST
VillageName,THIRD STREET LING SHAN
VillageName,LIN TONG MEI TSOI YUEN
VillageName,NEW 1ST LANE TAI YUEN TSUEN
VillageName,HANG TAU VILLAGE
VillageName,KAU LUNG HANG LO WAI
VillageName,SAN WAI TSUEN
VillageName,14TH LANE KAM TSIN
VillageName,NAM WA PO
VillageName,LOI TUNG NORTH VILLAGE
VillageName,PO KAT TSAI TSUEN
VillageName,LO WU CAMP ROAD
VillageName,7TH LANE SAN UK LING
VillageName,14TH LANE PO SHEUNG TSUEN
VillageName,TA SHEK WU
VillageName,TAI TSENG WAI
VillageName,MONG TSENG WAI
VillageName,TIN SAM TSUEN
VillageName,KAU LUNG HANG SAN WAI
VillageName,MUK MIN SHAN
VillageName,TAI CHUNG HAU
VillageName,TAN CHEUNG
VillageName,NAM WAI
VillageName,KAP PIN LONG NEW VILLAGE
VillageName,TAI PO TSAI
VillageName,SUN ON TSUEN
VillageName,HUNG FA TSUEN
VillageName,PAK KONG AU
VillageName,PAK A
VillageName,TUI MIN HOI
VillageName,NAM SHAN
VillageName,WONG CHUK WAN
VillageName,PO LO CHE
VillageName,NAM A
VillageName,KAP PIN LONG
VillageName,LUK MEI TSUEN
VillageName,KAK HANG TUN
VillageName,TIT KIM HANG
VillageName,TAI MONG TSAI
VillageName,NGAU LIU
VillageName,WONG KENG TEI
VillageName,HING KENG SHEK
VillageName,CHE TING TSUEN
VillageName,TSENG LAN SHUE
VillageName,TAI LAM WU
VillageName,PAK SHEK WO SAN TSUEN
VillageName,PO LO CHE NEW VILLAGE
VillageName,PIK SHUI SUN TSUEN
VillageName,PAK TAM
VillageName,TUI MIN HOI NEW VILLAGE
VillageName,SAN UK
VillageName,WO TONG KONG
VillageName,TA HO TUN HA WAI
VillageName,PIK UK SAN TSUEN
VillageName,SHA KOK MEI SIXTH LANE
VillageName,PAK SHA WAN
VillageName,LONG MEI
VillageName,PIK UK
VillageName,TSAM CHUK WAN
VillageName,O LONG VILLAGE
VillageName,TSAK YUE WU
VillageName,PAK KONG
VillageName,SHAN LIU
VillageName,SHA HA
VillageName,SAI WAN
VillageName,PEI TAU
VillageName,KAU SAI
VillageName,YIM TIN TSAI
VillageName,WO MEI
VillageName,TA HO TUN SHEUNG WAI
VillageName,SHA KOK MEI SEVENTH LANE
VillageName,NAM PIN WAI
VillageName,WONG YI CHAU
VillageName,LING YAN TOI
VillageName,MA YAU TONG
VillageName,KAU SAI SAN TSUEN
VillageName,PING TUN
VillageName,LONG KENG
VillageName,MOK TSE CHE
VillageName,CHE KENG TUK
VillageName,SHA KOK MEI
VillageName,TAN SHAN
VillageName,KENG PANG HA
VillageName,SHE TAU
VillageName,SHA KOK MEI FOURTH LANE
VillageName,HA YEUNG
VillageName,MAU WU TSAI VILLAGE
VillageName,HO CHUNG SIXTH LANE
VillageName,SHEK LUNG TSAI NEW VILLAGE
VillageName,AU TAU
VillageName,SHA KOK MEI ELEVENTH LANE
VillageName,WONG MO YING
VillageName,O PUI VILLAGE
VillageName,CHAN UK VILLAGE
VillageName,PAK SHEK WO
VillageName,TAM WAT
VillageName,HA YEUNG SAN TSUEN
VillageName,SHA KOK MEI NINTH LANE
VillageName,TAI WAN TAU
VillageName,HUNG UK
VillageName,HO CHUNG FIFTH LANE
VillageName,SHA KOK MEI EIGHTH LANE
VillageName,HENG MEI DENG VILLAGE
VillageName,MAU PING NEW VILLAGE
VillageName,PAK WAI
VillageName,WO LIU
VillageName,KAI HAM
VillageName,O MUN VILLAGE
VillageName,MAU PO
VillageName,HEUNG CHUNG
VillageName,SIU HANG HAU
VillageName,LEUNG FAI TIN
VillageName,TAI HANG HAU
VillageName,SHA KOK MEI TENTH LANE
VillageName,NG FAI TIN
VillageName,PAN LONG WAN
VillageName,HANG HAU VILLAGE
VillageName,SIU TO YUEN VILLAGE
VillageName,TAI AU MUN
VillageName,SHUI BIN VILLAGE
VillageName,SHEUNG YEUNG
VillageName,WAI SUM VILLAGE
VillageName,HO CHUNG NEW VILLAGE
VillageName,TUNG A
VillageName,YU UK VILLAGE
VillageName,CUSTOMS PASS
VillageName,SHA KIU TAU
VillageName,SHEUNG SZE WAN
VillageName,WONG CHUK SHAN NEW VILLAGE
VillageName,TAI WU KOK
VillageName,CHUK KOK
VillageName,THE GIVERNY
VillageName,TSO WO HANG
VillageName,SUN KING TERRACE
VillageName,TUI MIN HOI TSUEN
VillageName,O TAU
VillageName,WANG KONG TSUEN
VillageName,MAN WO
VillageName,SAM LONG
VillageName,HO CHUNG FIRST LANE
VillageName,HO CHUNG SECOND LANE
VillageName,SHEK HANG WAI
VillageName,LUNG MEI
VillageName,WANG CHE
VillageName,PAK TAM CHUNG
VillageName,PO TOI O
VillageName,LAKE COURT
VillageName,SHA KOK MEI TWELFTH LANE
VillageName,TA KU LING SAN TSUEN
VillageName,HO CHUNG THIRD LANE
VillageName,TSEUNG KWAN O VILLAGE
VillageName,LUNG WO
VillageName,KEI PIK SHAN
VillageName,SHEUNG YIU
VillageName,MANG KUNG WO
VillageName,LUNG WO TSUEN
VillageName,HEI TSZ WAN
VillageName,SUN TEI VILLAGE
VillageName,FAT TAU CHAU VILLAGE
VillageName,MAN KING TERRACE
VillageName,HO CHUNG EIGHTH LANE
VillageName,DENON TERRACE
VillageName,HO CHUNG
VillageName,MA NAM WAT
VillageName,PAK SHEK TERRACE
VillageName,SHUI BIN TSUEN
VillageName,WONG CHUK SHAN SAN TSUEN
VillageName,FU TAU CHAU
VillageName,4TH LANE SHA KOK MEI
VillageName,DENON TERRACE TSENG LAN SHUE
VillageName,NGAU PUI WO
VillageName,TIN HAU MIU
VillageName,MAU WU TSAI
VillageName,TIN HA WAN VILLAGE
VillageName,5TH LANE HO CHUNG
VillageName,3RD LANE HO CHUNG
VillageName,BOON KIN VILLAGE
VillageName,YAU YUE WAN
VillageName,9TH LANE HO CHUNG
VillageName,7TH LANE HO CHUNG
VillageName,12TH LANE SHA KOK MEI
VillageName,TAI WO NEW VILLAGE
VillageName,8TH LANE SHA KOK MEI
VillageName,5TH LANE SHA KOK MEI
VillageName,4TH LANE HO CHUNG
VillageName,6TH LANE HO CHUNG
VillageName,1ST LANE HO CHUNG
VillageName,6TH LANE SHA KOK MEI
VillageName,8TH LANE HO CHUNG
VillageName,2ND LANE HO CHUNG
VillageName,10TH LANE SHA KOK MEI
VillageName,PAK LAP
VillageName,11TH LANE SHA KOK MEI
VillageName,7TH LANE SHA KOK MEI
VillageName,1ST LANE SHA KOK MEI
VillageName,2ND LANE SHA KOK MEI
VillageName,3RD LANE SHA KOK MEI
VillageName,9TH LANE SHA KOK MEI
VillageName,PAK KONG AU VILLAGE
VillageName,SHEK HANG
VillageName,PAK SHA WAN FISHERMAN'S NEW VILLAGE
VillageName,YUNG SHU VILLAGE
VillageName,PO LO CHE VILLAGE
VillageName,MAN SHAU SUN TSUEN
VillageName,TSUI LAM ESTATE
VillageName,TAI CHUNG HAU TSUEN
VillageName,KO TONG
VillageName,TAI CHE
VillageName,KAU TO VILLAGE
VillageName,MA ON SHAN TSUEN
VillageName,KWUN YAM SHAN
VillageName,LOK LO HA
VillageName,WU KAI SHA VILLAGE THIRD LANE
VillageName,SHAN HA WAI
VillageName,TO TAU
VillageName,MA NIU VILLAGE
VillageName,HA WO CHE
VillageName,WONG CHUK YEUNG
VillageName,SHA TIN TAU
VillageName,THIRD STREET TAI WAI
VillageName,HIN TIN
VillageName,SHEUNG WO CHE
VillageName,CHAP WAI KON
VillageName,FUI YIU HA NEW VILLAGE
VillageName,WU KAI SHA VILLAGE FIRST LANE
VillageName,SHA TIN WAI
VillageName,PAI TAU
VillageName,SOUTH YEUK SIU LEK YUEN
VillageName,NINTH STREET TAI WAI
VillageName,TUNG LO WAN
VillageName,NGAU PEI SHA
VillageName,KAK TIN VILLAGE 6TH STREET
VillageName,FO TAN VILLAGE
VillageName,SHEK KWU LUNG
VillageName,KWAI TEI NEW VILLAGE
VillageName,WONG NAI TAU
VillageName,WO LIU HANG
VillageName,KAK TIN VILLAGE MAIN STREET
VillageName,KAK TIN VILLAGE PINE PATH
VillageName,EIGHTH STREET TAI WAI
VillageName,NGAU PEI SHA NEW VILLAGE
VillageName,KAK TIN VILLAGE KUNG MIU
VillageName,TO SHEK
VillageName,TAI LAM LIU
VillageName,HA KENG HAU
VillageName,AH KUNG KOK FISHERMEN VILLAGE
VillageName,TAI WAI NEW VILLAGE
VillageName,SIU LEK YUEN SECOND LANE
VillageName,SIU LEK YUEN FIRST LANE
VillageName,PAT TSZ WO VILLAGE
VillageName,SHEUNG KENG HAU
VillageName,CHEUNG KANG
VillageName,CHEK NAI PING
VillageName,KAK TIN VILLAGE NAM KAU ROAD
VillageName,KAK TIN VILLAGE 2ND STREET
VillageName,WONG UK VILLAGE
VillageName,SECOND STREET TAI WAI
VillageName,WU KAI SHA VILLAGE SIXTH LANE
VillageName,TSO TUI HA
VillageName,TSOK POK HANG SAN TSUEN
VillageName,SIU LEK YUEN SIXTH LANE
VillageName,NORTH YEUK SIU LEK YUEN
VillageName,FIRST STREET TAI WAI
VillageName,WU KAI SHA VILLAGE SECOND LANE
VillageName,TAI SHUI HANG
VillageName,KAK TIN VILLAGE NAM HIN ROAD
VillageName,KAK TIN VILLAGE HIGH STREET
VillageName,SEVENTH STREET TAI WAI
VillageName,MAU TSO NGAM
VillageName,KAK TIN VILLAGE 4TH STREET
VillageName,FOURTH STREET TAI WAI
VillageName,SAN TIN VILLAGE
VillageName,TENTH STREET TAI WAI
VillageName,KAK TIN VILLAGE 3RD STREET
VillageName,SIU LEK YUEN FOURTH LANE
VillageName,SHAP YI WAT
VillageName,KAK TIN VILLAGE 5TH STREET
VillageName,EAST YEUK SIU LEK YUEN
VillageName,TUNG LO WAN VILLA
VillageName,SHA TIN TAU NEW VILLAGE
VillageName,SHUN YEE SAN TSUEN
VillageName,MAU TAT VILLAGE
VillageName,KWUN YAM SHAN VILLAGE
VillageName,SHEK SHUI WAN VILLAGE
VillageName,KWEI TEI VILLAGE
VillageName,TIN CHEUNG TERRACE
VillageName,PAK TIN
VillageName,LEE UK VILLAGE
VillageName,MUI TSZ LAM
VillageName,MA ON SHAN UPPER VILLAGE
VillageName,FUK LOK TSUEN
VillageName,HEUNG FAN LIU NEW VILLAGE
VillageName,WU KAI SHA VILLAGE SEVENTH LANE
VillageName,SIU LEK YUEN THIRD LANE
VillageName,SHA TIN TAU NEW VILLAGE DISTRICT 2
VillageName,TSANG TAI UK NEW VILLAGE
VillageName,CHE KUNG MIU
VillageName,BIOTECHNOLOGY AVENUE
VillageName,MAN HANG
VillageName,FO TAN KUK SAN TSUEN
VillageName,FA SAM HANG
VillageName,WU KAI SHA VILLAGE
VillageName,YU TAK COURT
VillageName,KAK TIN VILLAGE NAM KAU
VillageName,KONG PUI TSUEN
VillageName,1ST LANE WU KAI SHA VILLAGE
VillageName,CHEK NAI PING TSUEN
VillageName,LOK LO HA VILLAGE
VillageName,HA WO CHE TSUEN
VillageName,3RD LANE WU KAI SHA VILLAGE
VillageName,PAI TAU TSUEN
VillageName,CHAP WAI KON NEW VILLAGE
VillageName,TUNG LO WAN TSUEN
VillageName,MA NIU TSUEN
VillageName,SHA TIN FISHERMEN'S NEW VILLAGE
VillageName,THIRD ST TAI WAI VILLAGE
VillageName,TSOK POK HANG NEW VILLAGE
VillageName,5TH LANE SIU LEK YUEN
VillageName,6TH LANE SIU LEK YUEN
VillageName,MA NIU
VillageName,TAI LAM LIU VILLAGE
VillageName,WONG NAI TAU VILLAGE
VillageName,4TH LANE WU KAI SHA VILLAGE
VillageName,5TH LANE WU KAI SHA VILLAGE
VillageName,LEI UK TSUEN
VillageName,SHA TIN WAI NEW VILLAGE
VillageName,SHA TIN WAI VILLAGE
VillageName,SOUTH YEUK SIU LEK YUEN TSUEN
VillageName,WO LIU HANG TSUEN
VillageName,TSE UK NEW VILLAGE
VillageName,FIRST ST TAI WAI VILLAGE
VillageName,SECOND ST TAI WAI VILLAGE
VillageName,HEUNG FAN LIU RESITE VILLAGE
VillageName,NGAU PEI SHA VILLAGE
VillageName,THIRD ST KAK TIN
VillageName,2ND LANE WU KAI SHA VILLAGE
VillageName,FOURTH ST TAI WAI VILLAGE
VillageName,SECOND ST KAK TIN
VillageName,SEVENTH ST TAI WAI VILLAGE
VillageName,EIGHTH ST TAI WAI VILLAGE
VillageName,NINTH ST TAI WAI VILLAGE
VillageName,8TH LANE WU KAI SHA VILLAGE
VillageName,NORTH YEUK SIU LEK YUEN TSUEN
VillageName,TENTH ST TAI WAI VILLAGE
VillageName,PAT TSZ WO TSUEN
VillageName,3RD LANE SIU LEK YUEN
VillageName,SIXTH ST KAK TIN
VillageName,4TH LANE SIU LEK YUEN
VillageName,FIFTH ST TAI WAI VILLAGE
VillageName,MAIN ST KAK TIN
VillageName,SHEUNG WO CHE TSUEN
VillageName,SIXTH ST TAI WAI VILLAGE
VillageName,KAK TIN VILLAGE
VillageName,6TH LANE WU KAI SHA VILLAGE
VillageName,FOURTH ST KAK TIN
VillageName,2ND LANE SIU LEK YUEN
VillageName,SECTION 5 PAK TIN
VillageName,HIGH STREET KAK TIN
VillageName,1ST LANE SIU LEK YUEN
VillageName,NAM HIN RD KAK TIN
VillageName,WEST LANE TAI WAI VILLAGE
VillageName,KAU TO
VillageName,EAST YEUK SIU LEK YUEN TSUEN
VillageName,CHUT SHUI WAN
VillageName,KWAI TEI TSUEN
VillageName,FIFTH ST KAK TIN
VillageName,SECT 2 SHA TIN TAU SAN TSUEN
VillageName,6TH DISTRICT SHA TIN TAU SAN TSUEN
VillageName,SHA TIN TAU TSUEN
VillageName,TAI CHE TSUEN
VillageName,SECTION 6 PAK TIN
VillageName,PINE PATH KAK TIN
VillageName,ON TING TERRACE
VillageName,7TH LANE WU KAI SHA VILLAGE
VillageName,MAU TAT
VillageName,CHEUNG KANG TSUEN
VillageName,5TH DISTRICT PAK TIN
VillageName,YAU OI TSUEN
VillageName,CHEUNG SHUE TAN
VillageName,PAK NGAU SHEK HA TSUEN
VillageName,HANG CHI STREET
VillageName,FUNG YUEN
VillageName,SAN TONG
VillageName,TAI CHUNG KIU
VillageName,KOWLOON RES - MAIN DAM (1901-1910)
VillageName,WU KAI SHA VILLAGE EIGHTH LANE
VillageName,POK FU LAM VILLAGE
VillageName,HOK TSUI VILLAGE
VillageName,SHEK O VILLAGE
VillageName,LAN NAI WAN VILLAGE
VillageName,TAI LONG WAN VILLAGE
VillageName,WONG CHUK HANG SAN WAI VILLAGE
VillageName,NGAN HANG VILLAGE
VillageName,TUNG AH PUI VILLAGE
VillageName,TUNG AH VILLAGE
VillageName,TAI TAM VILLAGE
VillageName,SHEK O HEADLAND
VillageName,CEDAR DRIVE
VillageName,PALM DRIVE
VillageName,WONG CHUK HANG SAN WAI
VillageName,PAT KAN STANLEY VILLAGE
VillageName,BEL-AIR AVENUE
VillageName,WONG CHUK HANG KAU WAI
VillageName,MA HANG VILLAGE
VillageName,SHEK O
VillageName,PO SAM PAI
VillageName,WAI TAU TSUEN
VillageName,WAI TAU TSUEN CHE TEI
VillageName,SHA LO TUNG CHEUNG UK
VillageName,TING KOK
VillageName,KAM SHAN
VillageName,KO LAU WAN
VillageName,HA HANG
VillageName,WONG YUE TAN
VillageName,LO TSZ TIN
VillageName,TAI HANG FUI SHA WAI
VillageName,SHEUNG TIN LIU HA
VillageName,TSIU LAM
VillageName,SHE SHAN TSUEN
VillageName,LUEN YICK FISHERMEN VILLAGE
VillageName,TAI PO TAU
VillageName,TUNG TSZ
VillageName,TONG HANG TUNG CHUEN
VillageName,CARE VILLAGE
VillageName,HOI HA
VillageName,TAI HANG
VillageName,SAM MUN TSAI NEW VILLAGE
VillageName,SAN TAU KOK
VillageName,NAM HANG
VillageName,CHO MA WU
VillageName,TAI PO KAU LO WAI
VillageName,TIT MEI TSAI
VillageName,KAU LIU HA
VillageName,SHA PA
VillageName,CHUNG UK TSUEN
VillageName,NGAU KWU LENG
VillageName,SHAM CHUNG
VillageName,MAK UK
VillageName,SAI KENG
VillageName,HANG HA PO
VillageName,FONG MA PO
VillageName,HA WUN YIU
VillageName,MA WO
VillageName,SAN WAI TSAI
VillageName,YING PUN HA
VillageName,TONG MIN TSUEN
VillageName,LAM TSUEN SAN TSUEN
VillageName,CHUNG SHUN LANE
VillageName,PING LONG
VillageName,PAK KIU TSAI
VillageName,PAK TIN KONG
VillageName,TSENG TAU
VillageName,TAI PO TAU SHUI WAI
VillageName,LAI PEK SHAN SAN TSUEN
VillageName,TAI HANG CHUNG SUM WAI
VillageName,SAN UK PAI
VillageName,CHUK HANG
VillageName,HA WONG YI AU
VillageName,YUE KOK
VillageName,TAI TUNG
VillageName,TA TIT YAN
VillageName,TAP MUN
VillageName,TAI TAN
VillageName,PAN CHUNG
VillageName,TAI PO MEI
VillageName,TAI MEI TUK
VillageName,HA TIN LIU HA
VillageName,LAI CHI SHAN
VillageName,SHAN TONG NEW VILLAGE
VillageName,PUN SHAN CHAU
VillageName,MUI SHUE HANG
VillageName,WAI HA
VillageName,MA KWU LAM
VillageName,TO KWA PENG
VillageName,CHAI KEK
VillageName,YUNG SHUE O
VillageName,SHEUNG WUN YIU
VillageName,NAI CHUNG
VillageName,CHE HA
VillageName,TUNG SAM KEI
VillageName,KO TONG HA YEUNG
VillageName,MA PO MEI
VillageName,KWUN HANG
VillageName,PAN CHUNG SAN TSUEN
VillageName,NG TUNG CHAI
VillageName,CHEUNG UK TEI
VillageName,TAI OM
VillageName,SAN UK KA
VillageName,PAK TAM AU
VillageName,TAI YEUNG CHE
VillageName,TAI PO KAU SAN WAI
VillageName,KEI LING HA LO WAI
VillageName,SHEUNG WONG YI AU
VillageName,LAI CHI HANG
VillageName,TO YUEN TUNG
VillageName,PAK NGAU SHEK SHEUNG TSUEN
VillageName,WONG CHUK YEUNG 3RD LANE
VillageName,WONG CHUK YEUNG 1ST LANE
VillageName,SHUI WO
VillageName,UK TAU
VillageName,SAI O
VillageName,LUNG A PAI
VillageName,TAI OM SHAN
VillageName,TAI TUNG WO LIU
VillageName,KEI LING HA SAN WAI
VillageName,SHA PO TSAI
VillageName,SHA LAN VILLAS
VillageName,SHUEN WAN CHAN UK
VillageName,SHUEN WAN CHIM UK
VillageName,SHA LAN
VillageName,CHUNG WAI
VillageName,HONG KONG POLICE FORCE TUNG TSZ HOL
VillageName,TAI MEI TUK GOVERNMENT HOLIDAY BUNG
VillageName,TAI HANG SAN WAI
VillageName,BOULEVARD DE CASCADE
VillageName,SHEUNG WAI
VillageName,SAN KIU
VillageName,LIN AU
VillageName,SHUEN WAN LEI UK
VillageName,PAK SHA O
VillageName,HA WAI
VillageName,TAI HANG AU TSAI
VillageName,LAI CHI CHONG
VillageName,BOULEVARD DU LAC
VillageName,PUN CHUN YUEN
VillageName,HA TEI HA
VillageName,SHEK UK TSAI
VillageName,WO TONG PUI
VillageName,TIN LIU HA
VillageName,TAI PO KAU TSUNG YUEN VILLAGE
VillageName,CHEUNG MUK TAU
VillageName,KO TIN HOM
VillageName,YUEN TUN HA
VillageName,FUNG YUEN LO TSUEN
VillageName,KAM SHEK NEW VILLAGE
VillageName,CHEK KENG
VillageName,PAK TAM AU TSUEN
VillageName,1ST LANE WONG CHUK YEUNG
VillageName,CHE TEI
VillageName,2ND LANE WONG CHUK YEUNG
VillageName,CHEUNG SHUE TAN TSUEN
VillageName,TAI TAN TSUEN
VillageName,CHEUNG UK
VillageName,SHUEN WAN LEI UK TSUEN
VillageName,3RD LANE WONG CHUK YEUNG
VillageName,TUNG TSZ TSUEN
VillageName,SHA LAN TSUEN
VillageName,YUNG SHUE TSUEN
VillageName,LIN AU SHEK UK TSAI
VillageName,SAN TAU KOK TSUEN
VillageName,HA PAK NGAU SHEK
VillageName,FUNG YUEN TSUEN
VillageName,KAM SHAN TSUEN
VillageName,4TH LANE WONG CHUK YEUNG
VillageName,CHUEN PEI LUNG
VillageName,A SHAN
VillageName,LAM KAM ROAD
VillageName,SAN TSUEN LO WAI
VillageName,HA HANG TSUEN
VillageName,PAK TIN KONG VILLAGE
VillageName,CHEUNG MUK TAU TSUEN
VillageName,TAI PO TAU TSUEN
VillageName,TAI TUNG TSUEN
VillageName,TAI PO KAU
VillageName,PAK SHA O HA YEUNG
VillageName,CHUEN SHUI TSENG
VillageName,TAI PO ROAD
VillageName,SAM TUNG UK RESITE VILLAGE
VillageName,WO YI HOP
VillageName,SHAM TSENG SAN TSUEN
VillageName,HOI PA SAN TSUEN
VillageName,TAI PAK TIN VILLAGE
VillageName,YUEN TUN VILLAGE
VillageName,YAU MA HOM RESITE VILLAGE
VillageName,SHU ON TERRACE
VillageName,YEUNG UK TSUEN
VillageName,SHAM TSENG COMMERCIAL NEW VILLAGE
VillageName,SHEUNG KWAI CHUNG VILLAGE
VillageName,YI PEI CHUN
VillageName,SHAM TSENG KAU TSUEN
VillageName,CHUEN LUNG
VillageName,TSING FAI TONG NEW VILLAGE
VillageName,HOI PA RESITE VILLAGE
VillageName,DA CHUEN PING VILLAGE
VillageName,SUN HOI TIN
VillageName,SHAM TSENG VILLAGE
VillageName,TING KAU
VillageName,PAK TIN PA TSUEN
VillageName,HAM TIN TSUEN
VillageName,SAI LAU KOK TSUEN
VillageName,TAI YUK ROAD
VillageName,HO PUI TSUEN
VillageName,TSING LUNG TAU TSUEN
VillageName,PAI MIN KOK VILLAGE
VillageName,SHAM TSENG EAST VILLAGE
VillageName,MUK MIN HA TSUEN
VillageName,KA LOON TSUEN
VillageName,TSO WAN
VillageName,TAI CHUEN
VillageName,SHAM TSENG WEST VILLAGE
VillageName,LUK KENG TSUEN
VillageName,TSING LUNG TAU NEW VILLAGE
VillageName,MA WAN MAIN STREET VILLAGE SOUTH
VillageName,FU YUNG SHAN
VillageName,HA FA SHAN
VillageName,MA WAN MAIN STREET VILLAGE CENTRAL
VillageName,SAM DIP TAM
VillageName,CHOI YUEN TSUEN
VillageName,TIN LIU NEW VILLAGE
VillageName,MA SIM PAI VILLAGE
VillageName,YAU KOM TAU VILLAGE EXPANSION AREA
VillageName,KWONG PAN TIN TSUEN
VillageName,CHUEN LUNG VILLAGE
VillageName,WO YI HOP VILLAGE
VillageName,TING KAU VILLAGE
VillageName,SHAM TSENG MAIN STREET
VillageName,SHEUNG KWAI CHUNG
VillageName,HOI PA VILLAGE SOUTH TERRACE
VillageName,MA WAN MAIN STREET VILLAGE NORTH
VillageName,HOI PA VILLAGE NORTH-EAST TERRACE
VillageName,MA WAN MAIN STREET VILLAGE EAST
VillageName,LO WAI VILLAGE
VillageName,NAM FONG
VillageName,SHEUNG KOK SHAN TSUEN
VillageName,CHUN HOI ROAD
VillageName,ROUTE TWISK
VillageName,TSING FAI TONG
VillageName,TSING CHUEN WAI
VillageName,SUN FUNG WAI
VillageName,CHUNG WONG TOI
VillageName,TUEN MUN SAN TSUEN
VillageName,PO TONG HA
VillageName,NAI WAI
VillageName,TSENG TAU CHUNG TSUEN
VillageName,LUEN ON SAN TSUEN
VillageName,VILLA PINADA
VillageName,KEI LUN WAI
VillageName,2ND LANE KEI LUN WAI
VillageName,YEUNG SIU HANG
VillageName,TUEN TSZ WAI
VillageName,TSENG TAU SHEUNG TSUEN NORTH
VillageName,SAN HING TSUEN
VillageName,SO KWUN WAT TSUEN AREA 2
VillageName,TSING SHAN TSUEN
VillageName,AQUA BLUE
VillageName,WO PING SAN TSUEN
VillageName,SO KWUN WAT TSUEN AREA 1
VillageName,TSZ TIN TSUEN
VillageName,SIU SAU VILLAGE
VillageName,SHA PO KONG
VillageName,FUK HANG TSUEN
VillageName,SAN HUI VILLAGE
VillageName,SO KWUN WAT SAN TSUEN
VillageName,SO KWUN WAT TSUEN AREA 3
VillageName,3RD LANE KEI LUN WAI
VillageName,TO YUEN WAI
VillageName,TAI LAM CHUNG TSUEN
VillageName,PAK LONG
VillageName,NAM LONG
VillageName,SO KWUN WAT TSUEN
VillageName,KAR WO LEI
VillageName,SIU LAM
VillageName,AQUAMARINE GARDEN
VillageName,LAM TEI
VillageName,SIU LAM SAN TSUEN
VillageName,SO KWUN TAN
VillageName,4TH LANE KEI LUN WAI
VillageName,1ST LANE KEI LUN WAI
VillageName,TSING SHAN TSUEN SAN SHEK WAN NORTH
VillageName,FU TEI HA TSUEN
VillageName,KAU HUI TSUEN
VillageName,GRANDVIEW TERRACE
VillageName,YICK YUEN TSUEN
VillageName,FU TEI SHEUNG TSUEN
VillageName,5TH LANE KEI LUN WAI
VillageName,WU UK TSUEN
VillageName,WONG UK TSUEN
VillageName,FU TEI CHUNG TSUEN
VillageName,LEUNG TIN VILLAGE
VillageName,TSENG TAU TSUEN CHUNG TSUEN
VillageName,WU UK
VillageName,WONG UK
VillageName,TSENG TAU TSUEN SHEUNG TSUEN
VillageName,LAM TEI SAN TSUEN
VillageName,YEUNG SIU HANG TSUEN
VillageName,SIU LAM TSUEN
VillageName,NORTH ST YICK YUEN TSUEN
VillageName,SO KWUN WAT
VillageName,LUNG KWU TAN
VillageName,SOUTH ST YICK YUEN TSUEN
VillageName,SIU LAM PO YUEN
VillageName,PUI HING TSUEN
VillageName,NGAU CHI WAN VILLAGE
VillageName,NGA TSIN WAI
VillageName,YAN SHAU WAI
VillageName,TSING LUNG TSUEN
VillageName,SAN LUNG TSUEN
VillageName,FAN TIN TSUEN
VillageName,TAI SANG WAI
VillageName,ROLLING HILLS PHASE II
VillageName,ON LUNG TSUEN
VillageName,MAN YUEN CHUEN
VillageName,CHAU TAU TSUEN
VillageName,SHA KIU TSUEN
VillageName,WING PING TSUEN
VillageName,CHUK YUEN TSUEN
VillageName,MONG TSENG TSUEN
VillageName,"FAIRVIEW PARK SECTION E, 4TH STREET"
VillageName,LOK MA CHAU
VillageName,SHA KONG WAI
VillageName,POK WAI
VillageName,SHUNG CHING SAN TSUEN
VillageName,FUI YIP STREET
VillageName,MUK KIU TAU TSUEN
VillageName,FUI SHA WAI
VillageName,CHING TAI STREET
VillageName,TUNG SHING LEI
VillageName,SAI PIN WAI
VillageName,WO SHANG WAI
VillageName,WANG TOI SHAN WING NING LEI
VillageName,PING SHAN SAN TSUEN
VillageName,BEGONIA PATH
VillageName,TONG TAU PO TSUEN
VillageName,HA TSUEN SHI
VillageName,SHEK PO TSUEN
VillageName,MARIGOLD PATH
VillageName,SIK KONG WAI
VillageName,HUNG UK TSUEN
VillageName,NAM PIN WAI 2ND LANE
VillageName,TUNG TAU TSUEN
VillageName,TAI KONG PO
VillageName,NAM PIN WAI WESTERN LANE
VillageName,HA YAU TIN TSUEN
VillageName,SHEK WU WAI
VillageName,NGAU KENG
VillageName,SAN DIEGO AVENUE
VillageName,SHUI TSIU SAN TSUEN
VillageName,PUN UK TSUEN
VillageName,NAM HANG TSUEN
VillageName,WONG NAI TUN TSUEN
VillageName,KAM TIN SHING MUN SAN TSUEN
VillageName,SHEUNG CHUK YUEN
VillageName,TAI KIU
VillageName,TAI WAI TSUEN
VillageName,CEDAR PATH
VillageName,HA CHE
VillageName,KAU TUNG STREET
VillageName,WANG TOI SHAN LO UK TSUEN
VillageName,PAK SHA TSUEN
VillageName,HIBISCUS PATH
VillageName,OSMANTHUS PATH
VillageName,PINACEAE DRIVE
VillageName,SHAN PUI HUNG TIN TSUEN
VillageName,SHING UK TSUEN
VillageName,TSAT SING KONG
VillageName,NARCISSUS PATH
VillageName,KAU NAM STREET
VillageName,NGAU HOM
VillageName,HANG MEI TSUEN
VillageName,NAM PIN WAI EASTERN LANE
VillageName,MA TIN TSUEN
VillageName,KAU CHIN STREET
VillageName,KAU SAI STREET
VillageName,KIU TAU WAI
VillageName,TAI KEI LENG
VillageName,TAI HONG WAI
VillageName,SHA CHAU LEI
VillageName,SHAN PUI CHUNG HAU TSUEN
VillageName,NAM PIN WAI 4TH LANE
VillageName,WANG CHAU TUNG TAU WAI
VillageName,SAN SANG TSUEN
VillageName,NAM PIN WAI 9TH LANE
VillageName,TSOI UK TSUEN
VillageName,KONG TAU TSUEN
VillageName,SANTA BARBARA AVENUE
VillageName,LAU FAU SHAN
VillageName,MO FAN HEUNG
VillageName,SHAM CHUNG TSUEN
VillageName,LIN FA TEI
VillageName,SHEUNG CHE
VillageName,SHUI TAU
VillageName,KAT HING WAI
VillageName,CHUI PAK ROAD
VillageName,YAU MEI SAN TSUEN
VillageName,CAMELIA PATH
VillageName,WANG CHAU CHUNG SAM WAI
VillageName,WANG CHAU FUK HING TSUEN
VillageName,SUNG SHAN NEW VILLAGE
VillageName,WING LUNG WAI
VillageName,SAN LUNG WAI
VillageName,TONG FONG TSUEN
VillageName,HUNG TSO TIN
VillageName,NAM PIN WAI 3RD LANE
VillageName,VILLA CAMELLIA
VillageName,SHAN PUI
VillageName,SAN LEE UK TSUEN
VillageName,SEASONS VILLAS
VillageName,SHA PO TSUEN
VillageName,YUEN KONG TSUEN
VillageName,SHAN HA TSUEN
VillageName,YING LUNG WAI
VillageName,FUNG KAT HEUNG
VillageName,LUI KUNG TIN
VillageName,WONG CHUK YUEN
VillageName,NAM PIN WAI 8TH LANE
VillageName,NAM PIN WAI 7TH LANE
VillageName,SIK KONG TSUEN
VillageName,SHEUNG YAU TIN TSUEN
VillageName,LUNG TIN TSUEN
VillageName,KAM HING WAI
VillageName,HA MEI SAN TSUEN
VillageName,WANG TOI SHAN SHAN TSUEN
VillageName,NAM PIN WAI 6TH LANE
VillageName,LAM HAU TSUEN
VillageName,FUNG CHI TSUEN
VillageName,SHUI TSIU LO WAI
VillageName,WANG TOI SHAN HO LIK PUI
VillageName,HA PAK NAI
VillageName,NAM PIN WAI 10TH LANE
VillageName,CHEUNG PO
VillageName,TAN KWAI TSUEN
VillageName,HONG MEI TSUEN
VillageName,SHEUNG CHEUNG WAI
VillageName,WANG CHAU YEUNG UK TSUEN
VillageName,NG KA TSUEN
VillageName,SHUI KAN SHEK
VillageName,TUNG CHAN WAI
VillageName,SHUI MEI
VillageName,CHEUNG CHUN SAN TSUEN
VillageName,NAM PIN WAI 5TH LANE
VillageName,SHEUNG TSUEN
VillageName,TSANG UK TSUEN
VillageName,TSEUNG KONG WAI
VillageName,YAU TAM MEI TSUEN
VillageName,TIN LIU TSUEN
VillageName,FRASER VILLAGE
VillageName,NAM PIN WAI 1ST LANE
VillageName,SHUI LAU TIN
VillageName,SHEK WU TONG
VillageName,KAM TSIN WAI
VillageName,WANG TOI SHAN YAU UK TSUEN
VillageName,CHEUNG KONG TSUEN
VillageName,SHUI TSAN TIN
VillageName,TAI TAO TSUEN
VillageName,FUNG KA WAI
VillageName,"FAIRVIEW PARK SECTION B, 1ST STREET"
VillageName,"FAIRVIEW PARK SECTION E, 3RD STREET"
VillageName,WANG TOI SHAN HUNG MO TAM
VillageName,YAU CHA PO
VillageName,MA TIN POK
VillageName,FUNG KONG TSUEN
VillageName,HOI POU STREET
VillageName,WANG CHAU LAM UK TSUEN
VillageName,TIN SAM SAN TSUEN
VillageName,CHUK SAN TSUEN
VillageName,TAI TONG TSUEN
VillageName,KO PO SAN TSUEN
VillageName,KIU TAU TSUEN
VillageName,SHUI PIN TSUEN
VillageName,WANG CHAU SAI TAU WAI
VillageName,TAI KEK
VillageName,KAM TIN SHI
VillageName,WANG CHAU VILLAGE EXTENSION AREA
VillageName,SHUI PIN WAI
VillageName,YUEN KONG SAN TSUEN
VillageName,MA ON KONG
VillageName,WANG TOI SHAN SAN TSUEN
VillageName,PANG KA TSUEN
VillageName,LILAC PATH
VillageName,PRUNUS PATH
VillageName,HO PUI
VillageName,NAM HANG PAI
VillageName,TONG YAN SAN TSUEN
VillageName,KAP LUNG
VillageName,MAI PO SAN TSUEN
VillageName,TAI TONG
VillageName,TO UK TSUEN
VillageName,SHAN PIN TSUEN
VillageName,SHEUNG PAK NAI
VillageName,SHA KONG WAI TSAI
VillageName,HA WAN FISHERMAN SAN TSUEN
VillageName,MAI PO LO WAI
VillageName,NAM MUN HAU
VillageName,HA WAN TSUEN
VillageName,HA KO PO TSUEN
VillageName,CLUB STREET
VillageName,KO HANG
VillageName,SMALL TRADERS NEW VILLAGE
VillageName,CHAU TAU
VillageName,KONG TAU SAN TSUEN
VillageName,SHEK TONG TSUEN
VillageName,PETRUS AVENUE
VillageName,SHEK KONG SAN TSUEN
VillageName,TUNG TAU YUEN
VillageName,SEASONS MONARCH
VillageName,TUNG MUN HAU
VillageName,TAI HONG TSUEN
VillageName,HANG HAU TSUEN
VillageName,PHOENIX PATH
VillageName,SHUI TIN TSUEN
VillageName,LAM HAU YUEN
VillageName,ROMA VIALE
VillageName,SIU HUM TSUEN
VillageName,PAK FA TSUEN
VillageName,SHA KONG TSUEN
VillageName,TAM KON CHAU
VillageName,WANG TOI SHAN SAN VILLAGE
VillageName,PAK HOK CHAU
VillageName,PAK FA ROAD
VillageName,WING KEI TSUEN
VillageName,KING YUEN ROAD
VillageName,SHAN PIN STREET
VillageName,KAM YUE ROAD
VillageName,TUNG WING ON ROAD
VillageName,LONG HA
VillageName,MAI PO TSUEN
VillageName,TIN SHUI WAI (1)
VillageName,MAIN STREET
VillageName,SIXTH ST SMALL TRADERS NEW VILLAGE
VillageName,SEVENTH ST SMALL TRADERS NEW VILLAGE
VillageName,EIGHTH ST SMALL TRADERS NEW VILLAGE
VillageName,SECOND ST SMALL TRADERS NEW VILLAGE
VillageName,YEUNG UK SAN TSUEN
VillageName,WAI TSAI
VillageName,SHAN TUNG STREET
VillageName,CHUK HANG SAN LUNG WAI
VillageName,CHUN HING SAN TSUEN
VillageName,SHA CHAU LEI TSUEN
VillageName,FIFTH ST SMALL TRADERS NEW VILLAGE
VillageName,FOURTH ST SMALL TRADERS NEW VILLAGE
VillageName,HUNG TSO TIN TSUEN
VillageName,FIRST ST SMALL TRADERS NEW VILLAGE
VillageName,FAIRVIEW PARK
VillageName,POK WAI TSUEN
VillageName,TAI WAI
VillageName,YUEN KONG
VillageName,NGAU KENG TSUEN
VillageName,8TH LANE NAM PIN WAI
VillageName,WESTERN LANE NAM PIN WAI
VillageName,2ND LANE TUNG TAU WAI SAN TSUEN
VillageName,7TH LANE NAM PIN WAI
VillageName,HO LIK PUI
VillageName,SHA KONG WAI TSUEN
VillageName,1ST LANE NAM PIN WAI
VillageName,EASTERN LANE NAM PIN WAI
VillageName,3RD LANE NAM PIN WAI
VillageName,TAI KONG PO TSUEN
VillageName,1ST LANE TUNG TAU WAI SAN TSUEN
VillageName,3RD LANE TUNG TAU WAI SAN TSUEN
VillageName,5TH LANE NAM PIN WAI
VillageName,4TH LANE TUNG TAU WAI SAN TSUEN
VillageName,10TH LANE NAM PIN WAI
VillageName,MAI PO LUNG TSUEN
VillageName,SHEK PO ROAD
VillageName,SHUI MEI TSUEN
VillageName,CHEUNG KONG
VillageName,9TH LANE NAM PIN WAI
VillageName,YAU TAM MEI CENTRAL
VillageName,HOI PON STREET
VillageName,SHEK WU TONG TSUEN
VillageName,2ND LANE NAM PIN WAI
VillageName,THIRD ST SMALL TRADERS NEW VILLAGE
VillageName,HA CHE TSUEN
VillageName,SHUI TAU TSUEN
VillageName,WANG CHAU
VillageName,SAN TSUEN LAU
VillageName,NORTH DISTRICT TONG YAN SAN TSUEN
VillageName,SAN TIN SAN LAU
VillageName,HOI PON MAIN STREET
VillageName,ON LOK DISTRICT SHA KONG TSUEN
VillageName,KAI PAK LING
VillageName,LAM HAU YUEN LAM HAU
VillageName,CHEUNG SHING STREET
VillageName,4TH LANE NAM PIN WAI
VillageName,CHUK HANG TSUEN
VillageName,SHEUNG CHUK YUEN TSUEN
VillageName,SAI SHAN TSUEN
VillageName,6TH LANE NAM PIN WAI
VillageName,LAM HAU POK LAM HAU
VillageName,FAIRVIEW PARK SECT F 4TH STREET
VillageName,MAI PO
VillageName,YAU TAM MEI TSUEN EAST
VillageName,HA PAK NAI TSUEN
VillageName,MIDDLE DISTRICT TONG YAN SAN TSUEN
VillageName,WING ON KUI
VillageName,HOI PONG STREET
VillageName,NGAU TAM MEI
VillageName,SHA KIU SHEUNG WAN TSUEN
VillageName,YAU TAM MEI TSUEN SOUTH
VillageName,BOR TEI
VillageName,HOI PIN DISTRICT SHA KONG TSUEN
VillageName,SHE LING
VillageName,TIN SAM ROAD
VillageName,TA SHEK WU SHEK TONG
VillageName,A KUNG TIN
VillageName,RESERVOIR ROAD
VillageName,MA TIN POK EAST
VillageName,WEST DISTRICT TONG YAN SAN TSUEN
VillageName,TIN SAM VILLAGE
VillageName,FU CHO TSUEN
VillageName,SOUTH DISTRICT TONG YAN SAN TSUEN
VillageName,YEE LAP YUEN NAM HANG PAI
VillageName,FOURTH STREET
VillageName,YAU TAM MEI TSUEN WEST
VillageName,FAIRVIEW PARK SECT B 5TH STREET
VillageName,FAIRVIEW PARK SECT F 1ST STREET
VillageName,FAIRVIEW PARK RIVER NORTH 8TH STREET
VillageName,FAIRVIEW PARK SECT C 9TH STREET
VillageName,FAIRVIEW PARK RIVER NORTH 9TH STREET
VillageName,FAIRVIEW PARK RIVER NORTH 10TH STREET
VillageName,SACRAMENTO AVENUE
VillageName,MARIN AVENUE
VillageName,PASADENA AVENUE
VillageName,SAN FRANSCISCO AVENUE
VillageName,FAIRVIEW PARK SECT B 4TH STREET
VillageName,FAIRVIEW PARK RIVER NORTH 5TH STREET
VillageName,FAIRVIEW PARK RIVER NORTH 12TH STREET
VillageName,FAIRVIEW PARK RIVER NORTH 11TH STREET
VillageName,ORCHID PATH
VillageName,KAPOK PATH
VillageName,CHERRY PATH
VillageName,FAIRVIEW PARK SECT F 5TH STREET
VillageName,WILLOW PATH
VillageName,SUNFLOWER PATH
VillageName,PEONY PATH
VillageName,BIRCH PATH
VillageName,MICHELIA PATH
VillageName,FAIRVIEW PARK SECT F 9TH STREET
VillageName,FAIRVIEW PARK SECT F 10TH STREET
VillageName,FAIRVIEW PARK SECT F 8TH STREET
VillageName,FAIRVIEW PARK SECT E 4TH STREET
VillageName,PINERY ROAD SOUTH
VillageName,FAIRVIEW PARK SECT E 3RD STREET
VillageName,FAIRVIEW PARK RIVER NORTH 7TH STREET
VillageName,BAUHINIA ROAD SOUTH
VillageName,FICUS PATH
VillageName,FAIRVIEW PARK SECT C 8TH STREET
VillageName,GERANIUM PATH
VillageName,FAIRVIEW PARK RIVER NORTH 1ST STREET
VillageName,FAIRVIEW PARK SECT B 3RD STREET
VillageName,LOTUS PATH
VillageName,CYPRESS DRIVE
VillageName,SAN SIMEON AVENUE
VillageName,SANTA MARIA AVENUE
VillageName,ANGEL ISLAND AVENUE
VillageName,FAIRVIEW PARK SECT F 7TH STREET
VillageName,LILY PATH
VillageName,FAIRVIEW PARK RIVER NORTH 3RD STREET
VillageName,FAIRVIEW PARK SECT E 2ND STREET
VillageName,CARMEL AVENUE
VillageName,MONTEREY AVENUE
VillageName,SANTA CLARA AVENUE
VillageName,SANTA MONICA AVENUE
VillageName,FAIRVIEW PARK SECT B 2ND STREET
VillageName,FAIRVIEW PARK SECT E 1ST STREET
VillageName,FAIRVIEW PARK SECT B 6TH STREET
VillageName,FAIRVIEW PARK RIVER NORTH 4TH STREET
VillageName,BANYAN PATH
VillageName,FAIRVIEW PARK SECT B 7TH STREET
VillageName,FAIRVIEW PARK SECT F 6TH STREET
VillageName,LAUREL PATH
VillageName,MELROSE AVENUE
VillageName,VICTORIANA AVENUE
VillageName,MAGNOLIA PATH
VillageName,FAIRVIEW PARK RIVER NORTH 2ND STREET
VillageName,FAIRVIEW PARK SECT B 1ST STREET
VillageName,CORONADO AVENUE
VillageName,NAPA AVENUE
VillageName,OLEANDER PATH
VillageName,CATALINA AVENUE
VillageName,MAIZE PATH
VillageName,VENTURA AVENUE
VillageName,ROSE PATH
VillageName,GMELINA PATH
VillageName,FAIRVIEW PARK SECT F 2ND STREET
VillageName,FAIRVIEW PARK RIVER NORTH 6TH STREET
VillageName,FAIRVIEW PARK RIVER NORTH LANE
VillageName,LYCHEE LANE
VillageName,PALM CANYON DRIVE
